[
  {
    "id": "d928d086-1385-46be-a8fa-e2073766cdb1",
    "data": [
      {
        "text": "why were you made",
        "userDefined": false
      }
    ],
    "isTemplate": false,
    "count": 0,
    "updated": 0
  },
  {
    "id": "9f042d1e-fd46-453e-891c-570bd365bba3",
    "data": [
      {
        "text": "how were you made",
        "userDefined": false
      }
    ],
    "isTemplate": false,
    "count": 0,
    "updated": 0
  },
  {
    "id": "829248c2-5079-4742-82d6-2a49fd3359e7",
    "data": [
      {
        "text": "why do you exist",
        "userDefined": false
      }
    ],
    "isTemplate": false,
    "count": 0,
    "updated": 0
  },
  {
    "id": "e56926aa-0118-4f2f-b6bc-fc7e90a6ec3f",
    "data": [
      {
        "text": "Where did you come from",
        "userDefined": false
      }
    ],
    "isTemplate": false,
    "count": 0,
    "updated": 0
  },
  {
    "id": "7405793b-2011-4465-962e-037c10ae463b",
    "data": [
      {
        "text": "Who created you?",
        "userDefined": false
      }
    ],
    "isTemplate": false,
    "count": 0,
    "updated": 0
  }
]