[
  {
    "id": "888d2ef6-d4c7-4da0-bb41-dc2b6a5ee88c",
    "data": [
      {
        "text": "see you later",
        "userDefined": false
      }
    ],
    "isTemplate": false,
    "count": 0,
    "updated": 0
  },
  {
    "id": "ec1b1c62-c8ec-421e-be29-025d04461007",
    "data": [
      {
        "text": "i do not want to talk to you now",
        "userDefined": false
      }
    ],
    "isTemplate": false,
    "count": 0,
    "updated": 0
  },
  {
    "id": "8d83cb4e-c345-4640-b59c-ecac8c5f3c0a",
    "data": [
      {
        "text": "i will talk to you later",
        "userDefined": false
      }
    ],
    "isTemplate": false,
    "count": 0,
    "updated": 0
  },
  {
    "id": "5943f012-f19c-4067-bac8-33e5c8ee1bec",
    "data": [
      {
        "text": "the conversation is over",
        "userDefined": false
      }
    ],
    "isTemplate": false,
    "count": 0,
    "updated": 0
  },
  {
    "id": "bd959610-2be9-40c7-b7d3-3fb4b47aad44",
    "data": [
      {
        "text": "i am leaving",
        "userDefined": false
      }
    ],
    "isTemplate": false,
    "count": 0,
    "updated": 0
  },
  {
    "id": "9743edba-a539-4c2f-a7b2-b0f0d38980fe",
    "data": [
      {
        "text": "bye",
        "userDefined": false
      }
    ],
    "isTemplate": false,
    "count": 0,
    "updated": 0
  },
  {
    "id": "b12f3ee2-e213-443c-aaa9-94ad5f064502",
    "data": [
      {
        "text": "goodbye",
        "userDefined": false
      }
    ],
    "isTemplate": false,
    "count": 0,
    "updated": 0
  }
]