[
  {
    "id": "740955e8-f23d-4e0f-a3f6-01c64411a63f",
    "data": [
      {
        "text": "meditation for ",
        "userDefined": false
      },
      {
        "text": "3 minutes",
        "alias": "duration",
        "meta": "@sys.duration",
        "userDefined": false
      }
    ],
    "isTemplate": false,
    "count": 0,
    "updated": 0
  },
  {
    "id": "1ceb48e0-ec17-43aa-9c54-c50c6f87502c",
    "data": [
      {
        "text": "I want to meditate for ",
        "userDefined": false
      },
      {
        "text": "5 minutes",
        "alias": "duration",
        "meta": "@sys.duration",
        "userDefined": false
      }
    ],
    "isTemplate": false,
    "count": 0,
    "updated": 0
  },
  {
    "id": "03d413e5-7958-4079-add3-6a19c4961508",
    "data": [
      {
        "text": "I want to meditate for ",
        "userDefined": false
      },
      {
        "text": "10 minutes",
        "alias": "duration",
        "meta": "@sys.duration",
        "userDefined": false
      }
    ],
    "isTemplate": false,
    "count": 0,
    "updated": 0
  },
  {
    "id": "cfa2708f-b1ca-4383-8f6e-c683a0ccdf64",
    "data": [
      {
        "text": "Meditate",
        "userDefined": false
      }
    ],
    "isTemplate": false,
    "count": 0,
    "updated": 0
  },
  {
    "id": "8c34fddc-2e27-46af-a21b-c130753da82d",
    "data": [
      {
        "text": "Start mediatation",
        "userDefined": false
      }
    ],
    "isTemplate": false,
    "count": 0,
    "updated": 0
  },
  {
    "id": "e3a9f148-69e2-4963-ad5e-be5919d73b94",
    "data": [
      {
        "text": "I want to meditate",
        "userDefined": false
      }
    ],
    "isTemplate": false,
    "count": 0,
    "updated": 0
  }
]