[
  {
    "id": "21cf070f-0069-411b-a73e-62a1dc5928cb",
    "data": [
      {
        "text": "can i listen to music",
        "userDefined": false
      }
    ],
    "isTemplate": false,
    "count": 0,
    "updated": 0
  },
  {
    "id": "f73719c0-4905-4670-afd7-943214a9bc9a",
    "data": [
      {
        "text": "play a song",
        "userDefined": false
      }
    ],
    "isTemplate": false,
    "count": 0,
    "updated": 0
  },
  {
    "id": "9b423267-6f7c-4aee-8792-57ff953b65cd",
    "data": [
      {
        "text": "i want music",
        "userDefined": false
      }
    ],
    "isTemplate": false,
    "count": 0,
    "updated": 0
  },
  {
    "id": "362a777a-2b4b-41b7-a4f3-5929696f9164",
    "data": [
      {
        "text": "can you play music",
        "userDefined": false
      }
    ],
    "isTemplate": false,
    "count": 0,
    "updated": 0
  },
  {
    "id": "b2659224-7729-4d86-b107-fd1896aed889",
    "data": [
      {
        "text": "open youtube",
        "userDefined": false
      }
    ],
    "isTemplate": false,
    "count": 1,
    "updated": 0
  },
  {
    "id": "13c7738f-0e7d-40eb-97c9-86771122a7ae",
    "data": [
      {
        "text": "can i hear some music",
        "userDefined": false
      }
    ],
    "isTemplate": false,
    "count": 0,
    "updated": 0
  },
  {
    "id": "c75ba723-150a-4f2d-88c6-e06f8fe9f145",
    "data": [
      {
        "text": "i want to listen to music",
        "userDefined": false
      }
    ],
    "isTemplate": false,
    "count": 0,
    "updated": 0
  },
  {
    "id": "1d1e2a63-0692-4dd7-8d38-b5cf91b247f6",
    "data": [
      {
        "text": "songs",
        "userDefined": false
      }
    ],
    "isTemplate": false,
    "count": 0,
    "updated": 0
  },
  {
    "id": "63f284d8-9290-4bd4-8d48-f17f95d22561",
    "data": [
      {
        "text": "song",
        "userDefined": false
      }
    ],
    "isTemplate": false,
    "count": 0,
    "updated": 0
  },
  {
    "id": "28f6d9fe-7185-43e9-bfbc-2aface0d1c9a",
    "data": [
      {
        "text": "youtube",
        "userDefined": false
      }
    ],
    "isTemplate": false,
    "count": 0,
    "updated": 0
  },
  {
    "id": "043be1de-c6dd-426b-a0ac-f4a95a0c3c3d",
    "data": [
      {
        "text": "music",
        "userDefined": false
      }
    ],
    "isTemplate": false,
    "count": 0,
    "updated": 0
  }
]