[
  {
    "id": "0a3bca2d-456c-4d9d-83f6-a809ae769cfd",
    "data": [
      {
        "text": "I need to schedule something ",
        "userDefined": false
      },
      {
        "text": "at 3pm",
        "alias": "time",
        "meta": "@sys.time",
        "userDefined": false
      }
    ],
    "isTemplate": false,
    "count": 0,
    "updated": 0
  },
  {
    "id": "0b504264-9874-45b5-8a0c-217a1760f0e9",
    "data": [
      {
        "text": "I need to schedule an ",
        "userDefined": false
      },
      {
        "text": "appointment",
        "meta": "@sys.ignore",
        "userDefined": false
      }
    ],
    "isTemplate": false,
    "count": 0,
    "updated": 0
  },
  {
    "id": "96325b7d-323e-4011-bfe7-782d7a53ab30",
    "data": [
      {
        "text": "I need to schedule something",
        "userDefined": false
      }
    ],
    "isTemplate": false,
    "count": 0,
    "updated": 0
  },
  {
    "id": "b199b5cc-dd4b-41d1-8cc0-0c7169277b36",
    "data": [
      {
        "text": "Schedule a ",
        "userDefined": false
      },
      {
        "text": "meeting",
        "meta": "@sys.ignore",
        "userDefined": false
      },
      {
        "text": " ",
        "userDefined": false
      },
      {
        "text": "December 2nd",
        "alias": "date",
        "meta": "@sys.date",
        "userDefined": false
      },
      {
        "text": " ",
        "userDefined": false
      },
      {
        "text": "at 3 pm",
        "alias": "time",
        "meta": "@sys.time",
        "userDefined": false
      }
    ],
    "isTemplate": false,
    "count": 0,
    "updated": 0
  },
  {
    "id": "ec1f9c6a-a819-4441-b06a-c50423fbd510",
    "data": [
      {
        "text": "I want to schedule a ",
        "userDefined": false
      },
      {
        "text": "meeting",
        "meta": "@sys.ignore",
        "userDefined": true
      },
      {
        "text": " ",
        "userDefined": false
      },
      {
        "text": "at 2:30 PM",
        "alias": "time",
        "meta": "@sys.time",
        "userDefined": false
      },
      {
        "text": " ",
        "userDefined": false
      },
      {
        "text": "on October 5th",
        "alias": "date",
        "meta": "@sys.date",
        "userDefined": false
      }
    ],
    "isTemplate": false,
    "count": 0,
    "updated": 0
  },
  {
    "id": "d310cca7-8067-4eb3-9a0f-480cf3e32283",
    "data": [
      {
        "text": "Tomorrow",
        "alias": "date",
        "meta": "@sys.date",
        "userDefined": false
      },
      {
        "text": ", I have ",
        "userDefined": false
      },
      {
        "text": "dinner",
        "meta": "@sys.ignore",
        "userDefined": true
      },
      {
        "text": " ",
        "userDefined": false
      },
      {
        "text": "at 8PM",
        "alias": "time",
        "meta": "@sys.time",
        "userDefined": false
      }
    ],
    "isTemplate": false,
    "count": 0,
    "updated": 0
  },
  {
    "id": "78a8d831-1663-4343-98a2-6e0203fd351c",
    "data": [
      {
        "text": "I have a ",
        "userDefined": false
      },
      {
        "text": "dinner",
        "meta": "@sys.ignore",
        "userDefined": false
      },
      {
        "text": " ",
        "userDefined": false
      },
      {
        "text": "tonight at 8 PM",
        "alias": "time",
        "meta": "@sys.time",
        "userDefined": false
      }
    ],
    "isTemplate": false,
    "count": 0,
    "updated": 0
  },
  {
    "id": "2c1d5016-a9d1-4aa3-9151-e58d85ab998e",
    "data": [
      {
        "text": "I need to make an ",
        "userDefined": false
      },
      {
        "text": "appointment",
        "meta": "@sys.ignore",
        "userDefined": true
      },
      {
        "text": " at ",
        "userDefined": false
      },
      {
        "text": "4PM",
        "alias": "time",
        "meta": "@sys.time",
        "userDefined": false
      },
      {
        "text": " ",
        "userDefined": false
      },
      {
        "text": "on November 5th",
        "alias": "date",
        "meta": "@sys.date",
        "userDefined": false
      }
    ],
    "isTemplate": false,
    "count": 0,
    "updated": 0
  },
  {
    "id": "6ab7e016-42a6-4818-83fa-f3e8f379ba64",
    "data": [
      {
        "text": "Schedule ",
        "userDefined": false
      },
      {
        "text": "class",
        "meta": "@sys.ignore",
        "userDefined": true
      },
      {
        "text": " for ",
        "userDefined": false
      },
      {
        "text": "tomorrow",
        "alias": "date",
        "meta": "@sys.date",
        "userDefined": false
      },
      {
        "text": " ",
        "userDefined": false
      },
      {
        "text": "at 7AM",
        "alias": "time",
        "meta": "@sys.time",
        "userDefined": false
      }
    ],
    "isTemplate": false,
    "count": 2,
    "updated": 0
  },
  {
    "id": "7e23bb58-cf53-4dc2-9f1e-b0ca0c312c14",
    "data": [
      {
        "text": "I need to make an ",
        "userDefined": false
      },
      {
        "text": "appointment",
        "meta": "@sys.ignore",
        "userDefined": true
      },
      {
        "text": " ",
        "userDefined": false
      },
      {
        "text": "at 3 PM",
        "alias": "time",
        "meta": "@sys.time",
        "userDefined": false
      },
      {
        "text": " ",
        "userDefined": false
      },
      {
        "text": "today",
        "alias": "date",
        "meta": "@sys.date",
        "userDefined": false
      },
      {
        "text": ".",
        "userDefined": false
      }
    ],
    "isTemplate": false,
    "count": 0,
    "updated": 0
  }
]