[
  {
    "id": "4bce5d10-5780-4867-8e92-fe397c6f60e7",
    "data": [
      {
        "text": "i am anxious",
        "userDefined": false
      }
    ],
    "isTemplate": false,
    "count": 0,
    "updated": 0
  },
  {
    "id": "c51b6d0f-d273-4318-8d0f-b36d805c3ac6",
    "data": [
      {
        "text": "i am worried",
        "userDefined": false
      }
    ],
    "isTemplate": false,
    "count": 0,
    "updated": 0
  },
  {
    "id": "470f01e8-d4f1-4d08-846b-a95333d1a9e2",
    "data": [
      {
        "text": "i need to calm down",
        "userDefined": false
      }
    ],
    "isTemplate": false,
    "count": 0,
    "updated": 0
  },
  {
    "id": "133f0407-9455-4375-9594-1c95cac7d033",
    "data": [
      {
        "text": "stressed out",
        "userDefined": false
      }
    ],
    "isTemplate": false,
    "count": 0,
    "updated": 0
  },
  {
    "id": "e1f75be0-6096-4b00-9594-d38d5bc4c4f1",
    "data": [
      {
        "text": "stressed",
        "userDefined": false
      }
    ],
    "isTemplate": false,
    "count": 0,
    "updated": 0
  },
  {
    "id": "c1629d5c-3e43-4a23-a60f-2dbeed62f07e",
    "data": [
      {
        "text": "I am feeling stressed",
        "userDefined": false
      }
    ],
    "isTemplate": false,
    "count": 0,
    "updated": 0
  },
  {
    "id": "f681934f-875a-4ff5-b492-5082dfd5d8b2",
    "data": [
      {
        "text": "I am stressed",
        "userDefined": false
      }
    ],
    "isTemplate": false,
    "count": 0,
    "updated": 0
  }
]