[
  {
    "id": "a46468bb-f02e-4170-b513-dd8e73fce1ef",
    "data": [
      {
        "text": "who are you",
        "userDefined": false
      }
    ],
    "isTemplate": false,
    "count": 0,
    "updated": 0
  },
  {
    "id": "1929e2e5-5610-4f2c-8683-de007f2e7f61",
    "data": [
      {
        "text": "tell me your name",
        "userDefined": false
      }
    ],
    "isTemplate": false,
    "count": 0,
    "updated": 0
  },
  {
    "id": "2644175d-e540-4db5-a880-bac1b14c7a27",
    "data": [
      {
        "text": "what\u0027s your name",
        "userDefined": false
      }
    ],
    "isTemplate": false,
    "count": 0,
    "updated": 0
  },
  {
    "id": "0f610a80-e5e9-4e65-9cca-89c3deb462b0",
    "data": [
      {
        "text": "What is your name?",
        "userDefined": false
      }
    ],
    "isTemplate": false,
    "count": 0,
    "updated": 0
  }
]