[
  {
    "value": "Dentist Appointment",
    "synonyms": [
      "Dentist Appointment"
    ]
  },
  {
    "value": "Birthday Party",
    "synonyms": [
      "Birthday Party"
    ]
  },
  {
    "value": "Lisa\u0027s Birthday Party",
    "synonyms": [
      "Lisa\u0027s Birthday Party"
    ]
  },
  {
    "value": "Work Meeting",
    "synonyms": [
      "Work Meeting"
    ]
  },
  {
    "value": "Job Interview",
    "synonyms": [
      "Job Interview"
    ]
  },
  {
    "value": "Christina\u0027s Birthday Party",
    "synonyms": [
      "Christina\u0027s Birthday Party"
    ]
  },
  {
    "value": "Work Social",
    "synonyms": [
      "Work Social"
    ]
  },
  {
    "value": "Lunch Meeting with Jon",
    "synonyms": [
      "Lunch Meeting with Jon"
    ]
  },
  {
    "value": "Breakfast with Friends",
    "synonyms": [
      "Breakfast with Friends"
    ]
  },
  {
    "value": "Flight to Austin",
    "synonyms": [
      "Flight to Austin"
    ]
  },
  {
    "value": "Deadline for Homework",
    "synonyms": [
      "Deadline for Homework"
    ]
  },
  {
    "value": "Physics Test",
    "synonyms": [
      "Physics Test"
    ]
  },
  {
    "value": "Math Exam",
    "synonyms": [
      "Math Exam"
    ]
  },
  {
    "value": "Class",
    "synonyms": [
      "Class"
    ]
  },
  {
    "value": "English Class",
    "synonyms": [
      "English Class"
    ]
  },
  {
    "value": "ACM Meeting",
    "synonyms": [
      "ACM Meeting"
    ]
  },
  {
    "value": "Club Meeting",
    "synonyms": [
      "Club Meeting"
    ]
  },
  {
    "value": "French Club Meeting",
    "synonyms": [
      "French Club Meeting"
    ]
  },
  {
    "value": "Comedy Show",
    "synonyms": [
      "Comedy Show"
    ]
  },
  {
    "value": "Opera",
    "synonyms": [
      "Opera"
    ]
  },
  {
    "value": "La Boheme Opera",
    "synonyms": [
      "La Boheme Opera"
    ]
  },
  {
    "value": "Symphony",
    "synonyms": [
      "Symphony"
    ]
  },
  {
    "value": "Museum Visit",
    "synonyms": [
      "Museum Visit"
    ]
  },
  {
    "value": "Football Game",
    "synonyms": [
      "Football Game"
    ]
  },
  {
    "value": "lunch",
    "synonyms": [
      "lunch"
    ]
  },
  {
    "value": "dinner",
    "synonyms": [
      "dinner"
    ]
  },
  {
    "value": "meeting",
    "synonyms": [
      "meeting"
    ]
  },
  {
    "value": "club meeting",
    "synonyms": [
      "club meeting"
    ]
  },
  {
    "value": "orientation",
    "synonyms": [
      "orientation"
    ]
  },
  {
    "value": "interview",
    "synonyms": [
      "interview"
    ]
  },
  {
    "value": "ACM",
    "synonyms": [
      "ACM"
    ]
  }
]